Food items,Units,Units,Remarks,Source,,,,,,,,,
1 cup,240ml,240g,,,,,,,,,,,
8 ounce,1cup,,,,,,,,,,,,
1 ounce,30g,,,,,,,,,,,,
Spice powders,1 sprinkle/pinch,0.25 tsp,,,,,,,,,,,
,1 dash,0.25 tsp,,,,,,,,,,,
,to taste,0.5tsp,,,,,,,,,,,
Garnishing,Few drops,0.5 tsp,,,,,,,,,,,
,4 drops,1tsp,,,,,,,,,,,
,vegetables,0.25cup,,,,,,,,,,,
Greasing,2 tbsp,,,,,,,,,,,,
,,,,,,,,,,,,,
Water,1C,240ml,,,,,,,,,,,
Water,1 glass,200ml,,,,,,,,,,,
Ice cubes (water),1 cube,3tbsp,,,,,,,,,,,
Water,to bind,1tsp,,,,,,,,,,,
,to make batter,3tbsp,,,,,,,,,,,
,to make dough,3tbsp,,,,,,,,,,,
Oil,Tempering,2 tbsp,,,,,,,,,,,
,Frying,2 cups,,,,,,,,,,,
,1cup,240ml,,,,,,,,,,,
,Greasing,2 tbsp,,,,,,,,,,,
Butter,1knob,20g,,,,,,,,,,,
,1blob,15g,,,,,,,,,,,
,Greasing,2 tbsp,,,,,,,,,,,
,1tbsp,14.2g,,https://fdc.nal.usda.gov/fdc-app.html#/food-details/173410/measures,,,,,,,,,
Mayonnaise,1tbsp,13.8g,,https://fdc.nal.usda.gov/fdc-app.html#/food-details/171009/measures,,,,,,,,,
Milk,to bind,1tsp,,,,,,,,,,,
"Cream, fluid, light",1tbsp,15g,,https://fdc.nal.usda.gov/fdc-app.html#/food-details/170857/measures,,,,,,,,,
,to make dough,1tbsp,,,,,,,,,,,
Salt,to taste,0.5tsp,,,,,,,,,,,
,1 sprinkle/pinch,0.25 tsp,,,,,,,,,,,
,,,,,,,,,,,,,
Baking powder,1 sprinkle/pinch,0.25 tsp,,,,,,,,,,,
"Vinegar, distilled",1tbsp,14.9g,,https://fdc.nal.usda.gov/fdc-app.html#/food-details/172237/measures,,,,,,,,,
,,,,,,,,,,,,,
,,,,,,,,,,,,,
Pepper/pepper corns,to taste,0.5tsp,,,,,,,,,,,
Pepper/pepper corns,1 corn,0.25 tsp,,,,,,,,,,,
,2 corns,0.5tsp,,,,,,,,,,,
Dry chilies,3 nos,10 g,,,,,,,,,,,
,2 nos,6.67 g,,,,,,,,,,,
,1nos,3.33g,,,,,,,,,,,
,0.5 nos,1.67g,,,,,,,,,,,
Cumin seed,1tsp,2.1g,,https://fdc.nal.usda.gov/fdc-app.html#/food-details/170923/measures,,,,,,,,,
,1tbsp,6g,,https://fdc.nal.usda.gov/fdc-app.html#/food-details/170923/measures,,,,,,,,,
Coriander seed,1tsp,1.8g,,https://fdc.nal.usda.gov/fdc-app.html#/food-details/170922/measures,,,,,,,,,
,1tbsp,5g,,https://fdc.nal.usda.gov/fdc-app.html#/food-details/170922/measures,,,,,,,,,
,,,,,,,,,,,,,
Cardamon,Cardamon powder,,,,,,,,,,,,
Cardamon powder,2nos,0.5tsp,,,,,,,,,,,
Cloves,2nos,0.5tsp,,,,,,,,,,,
,1nos,0.25tsp,,,,,,,,,,,
Cinnamon stick,1stick,0.5tsp,,,,,,,,,,,
,0.5stick,0.25tsp,,,,,,,,,,,
,2cm,2g,,,,,,,,,,,
,1inch,2.5g,,,,,,,,,,,
,0.5inch,1.25g,,,,,,,,,,,
,0.25inch,0.625g,,,,,,,,,,,
Star anise,1nos,2g,,,,,,,,,,,
Nutmeg,1 sprinkle/pinch,0.25 tsp,,,,,,,,,,,
Saffron,1 packet,0.5g,,,,,,,,,,,
,2strands,0.005g,,,,,,,,,,,
,1strands,0.0025g,,,,,,,,,,,
,few strands ,4 strands,,,,,,,,,,,
,a pinch,0.025g,,,,,,,,,,,
,1tbsp,1g,,,,,,,,,,,
Bay leaf (dry),1 no,0.4g,,,,,,,,,,,
Basil leaf,3nos,2g,,,,,,,,,,,
,5nos,3.75g,,,,,,,,,,,
Mint leaf,1nos,0.5g,,,,,,,,,,,
,6-8leaves,1sprig,,,,,,,,,,,
Mace,1blade,1g,,,,,,,,,,,
Carom seeds,Few grains,0.25 tsp,,,,,,,,,,,
Tamarind,1ball size,50g,,https://www.clovegarden.com/ingred/bp_tamaz.html,,,,,,,,,
,1nos,2g,,https://fdc.nal.usda.gov/fdc-app.html#/food-details/167763/measures,,,,,,,,,
,1tbsp,10g,,https://www.aqua-calc.com/calculate/food-volume-to-weight,,,,,,,,,
Capsicum,1medium,50g,,,,,,,,,,,
Capsicum,1ring,30g,,,,,,,,,,,
Celery stalk,1stalk (small),17g,,,,,,,,,,,
,1stalk (medium),40g,,,,,,,,,,,
Onion,1 medium,60g,,,,,,,,,,,
,1 small,30g,,,,,,,,,,,
Onion juice,1 medium onion,2tbsp,,,,,,,,,,,
Shallot,1 medium,35g,,,,,,,,,,,
"Shallots, raw",1tbsp (chopped),10g,,https://fdc.nal.usda.gov/fdc-app.html#/food-details/170499/measures,,,,,,,,,
Spring onions,1 no,30g,,,,,,,,,,,
,,,,,,,,,,,,,
Tamarind,1nos,2g,,https://fdc.nal.usda.gov/fdc-app.html#/food-details/167763/measures,,,,,,,,,
Ginger,2 cm,10 g,,,,,,,,,,,
Ginger,2 cm,10 g,,,,,,,,,,,
,0.79inch,10g,,,,,,,,,,,
,1inch,12.66g,,,,,,,,,,,
,0.5inch,6.33g,,,,,,,,,,,
Garlic,8 cloves,5 g,,BFP manual,,,,,,,,,
,2 cloves,1.25 g,,BFP manual,,,,,,,,,
,1tsp,2.8g,,https://fdc.nal.usda.gov/fdc-app.html#/food-details/169230/measures,,,,,,,,,
Green chilies,3 nos,10 g,,,,,,,,,,,
,2 nos,6.67 g,,,,,,,,,,,
,1nos,3.33g,,,,,,,,,,,
,0.5 nos,1.67g,,,,,,,,,,,
Jalapeno,1nos,14g,,https://fdc.nal.usda.gov/fdc-app.html#/food-details/168576/measures,,,,,,,,,
Coriander leaves,few sprigs,2 sprigs,,,,,,,,,,,
Curry leaves,few,1 sprig,,,,,,,,,,,
,4-5 leaves,1 sprig,,,,,,,,,,,
Tea leaves,1tsp,2g,,,,,,,,,,,
,1no,2g,,,,,,,,,,,
Bread,1 slice,30 g,,,,,,,,,,,
,for dusting,2tbsp,,,,,,,,,,,
Bread crumbs,1tbsp,10g,,ASC manual,,,,,,,,,
Hot dog bun,1nos,42g,,USDA (https://courses.washington.edu/bonephys/calist.pdf),,,,,,,,,
Hamburger bun,1nos,43g,,"Gebhardt, Susan E., and Robin G. Thomas. 2002. Nutritive Value of Foods. U.S. Department of Agriculture, Agricultural Research Service, Home and Garden Bulletin 72",,,,,,,,,
Lasagne sheet,1nos,30g,,,,,,,,,,,
"Pizza base, raw",1nos,250g,,,,,,,,,,,
,,,,,,,,,,,,,
Bacon,1rasher,40g,,,,,,,,,,,
Chicken breast,1nos,272g,,https://fdc.nal.usda.gov/fdc-app.html#/food-details/171077/measures,,,,,,,,,
Egg,1 no,50 g,,,,,,,,,,,
,0.5 no,25 g,,,,,,,,,,,
Egg yolk,1 no,16 g,,,,,,,,,,,
Egg white,1 no,34 g,,,,,,,,,,,
Prawn,1nos,25g,,,,,,,,,,,
Pomfret,1 medium,500g,,,,,,,,,,,
,,,,,,,,,,,,,
"Margarine, regular, 80% fat",1tbsp,14.2g,,https://fdc.nal.usda.gov/fdc-app.html#/food-details/172349/measures,,,,,,,,,
"Sour cream, regular",1tbsp,15g,,https://fdc.nal.usda.gov/fdc-app.html#/food-details/1097906/portions,,,,,,,,,
Cheese,1slice,30g,,,,,,,,,,,
"Cheese, cheddar",1slice,28g,,https://fdc.nal.usda.gov/fdc-app.html#/food-details/173414/measures,,,,,,,,,
"Cheese, feta",1cube,17g,,https://fdc.nal.usda.gov/fdc-app.html#/food-details/173420/measures,,,,,,,,,
Paneer,1cube,20g,,,,,,,,,,,
Salami,1slice,17g,,,,,,,,,,,
Ham,1slice,15g,,,,,,,,,,,
,,,,,,,,,,,,,
Lettuce,2 leaves (outer),48g,,https://fdc.nal.usda.gov/fdc-app.html#/food-details/169249/measures,,,,,,,,,
,1 leaves (outer),24g,,https://fdc.nal.usda.gov/fdc-app.html#/food-details/169249/measures,,,,,,,,,
Cabbage,3 leaves,45g,,https://fdc.nal.usda.gov/fdc-app.html#/food-details/169975/measures,,,,,,,,,
,1 leaves,15g,,https://fdc.nal.usda.gov/fdc-app.html#/food-details/169975/measures,,,,,,,,,
Cabbage,1 medium,400g,,,,,,,,,,,
Carrot,1 medium,60g,,,,,,,,,,,
Radish with leaves,1 medium,150g,,,,,,,,,,,
Potato,1 medium,70g,,BFP manual,,,,,,,,,
,1 small,35g,,,,,,,,,,,
Tomato,1 medium,50g,,,,,,,,,,,
,1 small,25g,,,,,,,,,,,
Cauliflower,1 medium,400g,,,,,,,,,,,
,15-25 florets,1/4 cauliflower,,,,,,,,,,,
,,,,,,,,,,,,,
Mushroom,1 medium,40g,,,,,,,,,,,
Capsicum,1 medium,50g,,,,,,,,,,,
Cucumber,1slice,20g,,,,,,,,,,,
,2slice,40g,,,,,,,,,,,
,1 medium,150g,,,,,,,,,,,
Drum stick,1nos,70g,,,,,,,,,,,
French beans,13medium,50g,,BFP manual,,,,,,,,,
,1nos,6g,,https://fdc.nal.usda.gov/fdc-app.html#/food-details/1103337/portions,,,,,,,,,
"Gourd, white-flowered (calabash), raw",1nos,771g,,https://fdc.nal.usda.gov/fdc-app.html#/food-details/169232/measures,,,,,,,,,
"Tomato, raw",1cherry,17g,,https://fdc.nal.usda.gov/fdc-app.html#/food-details/1103276/portions,,,,,,,,,
Coconut,1nos,250g,,,,,,,,,,,
Lemon,1 no,30 g,,,,,,,,,,,
,6 slices,30 g,,,,,,,,,,,
,2 slices,10 g,,,,,,,,,,,
Lemon juice,Half of lemon,3tbsp,,,,,,,,,,,
Orange,1nos,85g,,,,,,,,,,,
,3slices,25.5g,,,,,,,,,,,
Orange juice,1 orange,120ml,,,,,,,,,,,
Apple,1 medium,80g,,BFP manual,,,,,,,,,
Mango,1 medium,200g,,BFP manual,,,,,,,,,
Pear,1 medium,178g,,https://fdc.nal.usda.gov/fdc-app.html#/food-details/169118/measures,,,,,,,,,
,1small,148g,,https://fdc.nal.usda.gov/fdc-app.html#/food-details/169118/measures,,,,,,,,,
Peach,1nos,200g,,,,,,,,,,,
Starfruit,1nos,90g,,https://fdc.nal.usda.gov/fdc-app.html#/food-details/2344723/portions,,,,,,,,,
Grapes,1nos small,4g,,,,,,,,,,,
Banana,1 medium,100g,,,,,,,,,,,
Papaya,1 medium,600g,,,,,,,,,,,
Pineapple,1 slice ,50 g,,,,,,,,,,,
Wood apple,1 medium,400g,,,,,,,,,,,
Palmyra fruit,1 medium,400g,,,,,,,,,,,
Cherry,1nos,6g,,,,,,,,,,,
Black currants,1nos,2g,,,,,,,,,,,
,2nos,4g,,,,,,,,,,,
Olive,1nos,6g,,,,,,,,,,,
Dates,1nos,9g,,,,,,,,,,,
Peanut,1tbsp,,,,,,,,,,,,
Almonds,9 (big) nos,10 g,,,,,,,,,,,
,1nos,1.11g,,,,,,,,,,,
Walnuts,4 halves,10 g,,,,,,,,,,,
,2 nos,5 g,,,,,,,,,,,
,1 nos,2.5 g,,,,,,,,,,,
Pistachio,18 (big) nos,10 g,,,,,,,,,,,
,1nos,0.56g,,,,,,,,,,,
,few,6nos,,,,,,,,,,,
Cashewnut,6 (large) nos,10g,,,,,,,,,,,
,1nos,1.67g,,,,,,,,,,,
,2nos,3.34g,,,,,,,,,,,
Raisin,45nos,10g,,,,,,,,,,,
,1tbsp,10g,,,,,,,,,,,
,4nos,0.89g,,,,,,,,,,,
Sultanas,9nos,10g,,,,,,,,,,,
,1nos,1.11g,,,,,,,,,,,
,2nos,2.22g,,,,,,,,,,,
Groundnut,1handful,35g,,,,,,,,,,,
,1oz,28.35g,,https://fdc.nal.usda.gov/fdc-app.html#/food-details/172430/measures,,,,,,,,,
,2tbsp,28.35g,,https://fdc.nal.usda.gov/fdc-app.html#/food-details/172430/measures,,,,,,,,,
Mixed nut,6nos,3.78g,,,,,,,,,,,
Pine seeds,1oz,28.35g,,https://fdc.nal.usda.gov/fdc-app.html#/food-details/170591/measures,,,,,,,,,
,1tbsp,14.175g,,https://fdc.nal.usda.gov/fdc-app.html#/food-details/170591/measures,,,,,,,,,
,,,,,,,,,,,,,
Chocolate chips,few,0.5tsp,,,,,,,,,,,
"Drinking chocolate, powder",1sprinkle,0.25tsp,,,,,,,,,,,
Biscuits,2to3nos,20g,,ASC manual,,,,,,,,,
,1nos,8g,,ASC manual,,,,,,,,,
Jaggery,1cup,200g,,,,,,,,,,,
Sugar,1tsp,4.2g,,https://fdc.nal.usda.gov/fdc-app.html#/food-details/169655/measures,,,,,,,,,
,1cube,2.3g,,https://fdc.nal.usda.gov/fdc-app.html#/food-details/169655/measures,,,,,,,,,
Powdered sugar,1tbsp,8g,,https://fdc.nal.usda.gov/fdc-app.html#/food-details/169656/measures,,,,,,,,,
,1tsp,3g,,BFP manual,,,,,,,,,
Honey,1tbsp,15g,,BFP manual,,,,,,,,,
,1tsp,5g,,BFP manual,,,,,,,,,
Jam,2tbsp,40g,,https://fdc.nal.usda.gov/fdc-app.html#/food-details/169641/measures,,,,,,,,,
,,,,,,,,,,,,,
Sweet potato,1nos,130g,,https://fdc.nal.usda.gov/fdc-app.html#/food-details/168482/measures,,,,,,,,,
,,,,,,,,,,,,,
Lentils,1tbsp,12g,,https://fdc.nal.usda.gov/fdc-app.html#/food-details/172420/measures,,,,,,,,,
Kidney beans,1tbsp,11g,,https://fdc.nal.usda.gov/fdc-app.html#/food-details/173740/measures,,,,,,,,,
"Bread crumbs (Bread, crumbs, dry, grated, plain)",1cup,108g,,https://fdc.nal.usda.gov/fdc-app.html#/food-details/174928/measures,,,,,,,,,
,,,,,,,,,,,,,
Jam,1cup,224g,,USDA (https://courses.washington.edu/bonephys/calist.pdf),,,,,,,,,
Sugar,1cup,200g,,https://fdc.nal.usda.gov/fdc-app.html#/food-details/169655/measures,,,,,,,,,
Powdered sugar,1cup,160g,,BFP book,,,,,,,,,
Honey,1cup,339g,,https://fdc.nal.usda.gov/fdc-app.html#/food-details/169640/measures,,,,,,,,,
,,,,,,,,,,,,,
Mayonnaise,1cup,220g,,https://fdc.nal.usda.gov/fdc-app.html#/food-details/171009/measures,,,,,,,,,
"Margarine, regular, 80% fat",1cup,227g,,https://fdc.nal.usda.gov/fdc-app.html#/food-details/172349/measures,,,,,,,,,
Cheese (general),1cup,132g,,USDA (https://courses.washington.edu/bonephys/calist.pdf),,,,,,,,,
"Cheese, processed, plain",1cup,240g,"used the one for 'Cheese spread, cream cheese, regular'",https://fdc.nal.usda.gov/fdc-app.html#/food-details/1097906/portions,,,,,,,,,
"Cheese, feta",1cup,150g,,https://fdc.nal.usda.gov/fdc-app.html#/food-details/173420/measures,,,,,,,,,
"Cheese, cheddar",1cup,132g,,https://fdc.nal.usda.gov/fdc-app.html#/food-details/173414/measures,,,,,,,,,
"Cheese spread, cream cheese, regular",1cup,240g,,https://fdc.nal.usda.gov/fdc-app.html#/food-details/1098072/portions,,,,,,,,,
Cottage cheese (large curd),1cup,210g,,https://fdc.nal.usda.gov/fdc-app.html#/food-details/172179/measures,,,,,,,,,
Cottage cheese (small curd),1cup,225g,,https://fdc.nal.usda.gov/fdc-app.html#/food-details/172179/measures,,,,,,,,,
"Sour cream, regular",1cup,240g,,https://fdc.nal.usda.gov/fdc-app.html#/food-details/1097906/portions,,,,,,,,,
"Cream, heavy",1cup,240g,,https://fdc.nal.usda.gov/fdc-app.html#/food-details/2340999/portions,,,,,,,,,
Whipping cream,1cup,120g,,https://fdc.nal.usda.gov/fdc-app.html#/food-details/170859/measures,,,,,,,,,
"Yogurt, plain, whole milk",1cup,245g,,https://fdc.nal.usda.gov/fdc-app.html#/food-details/171284/measures,,,,,,,,,
Butter,1cup,227g,,https://fdc.nal.usda.gov/fdc-app.html#/food-details/173410/measures,,,,,,,,,
Paneer,1cup,246g,,https://fdc.nal.usda.gov/fdc-app.html#/food-details/2341143/portions,,,,,,,,,
"Milk, buttermilk, fluid, whole",1cup,245g,,https://fdc.nal.usda.gov/fdc-app.html#/food-details/172225/measures,,,,,,,,,
"Whey, acid, fluid",1cup,246g,,https://fdc.nal.usda.gov/fdc-app.html#/food-details/170885/measures,,,,,,,,,
,,,,,,,,,,,,,
"Ice creams, vanilla",0.5cup,66g,,https://fdc.nal.usda.gov/fdc-app.html#/food-details/167575/measures,,,,,,,,,
"Milk, condensed, sweetened",1cup,304g,,https://fdc.nal.usda.gov/fdc-app.html#/food-details/1097540/portions,,,,,,,,,
Tofu,1cup,126g,,https://fdc.nal.usda.gov/fdc-app.html#/food-details/172475/measures,,,,,,,,,
,1block,81g,,https://fdc.nal.usda.gov/fdc-app.html#/food-details/172475/measures,,,,,,,,,
Ham,1cup,269.5g,,https://www.aqua-calc.com/calculate/food-volume-to-weight/substance/ham-coma-and-blank-chopped-coma-and-blank-not-blank-canned-blank--op-slice-coma-and-blank-1-blank-oz-column--blank-4-blank-x-blank-4-blank-x-blank-3-forward-slash-32-blank-inch-cp-,,,,,,,,,
"Fish, sardine",1cup,149g,,USDA (https://courses.washington.edu/bonephys/calist.pdf),,,,,,,,,
"Chicken, breast, skinless, boneless (cooked, braised)",1piece,55g,,https://fdc.nal.usda.gov/fdc-app.html#/food-details/331960/measures,,,,,,,,,
Chicken,1cup,140g,,https://tools.myfooddata.com/nutrition-facts/173637/wt1/1,,,,,,,,,
,,,,,,,,,,,,,
"Mushrooms, raw",1cup,70g,,https://fdc.nal.usda.gov/fdc-app.html#/food-details/1103362/portions,,,,,,,,,
"Olives, black",1cup,135g,,https://fdc.nal.usda.gov/fdc-app.html#/food-details/1103680/portions,,,,,,,,,
,,,,,,,,,,,,,
"Lemon juice, raw",1cup,244g,,https://fdc.nal.usda.gov/fdc-app.html#/food-details/167747/measures,,,,,,,,,
Garlic,1cup,136g,,https://fdc.nal.usda.gov/fdc-app.html#/food-details/169230/measures,,,,,,,,,
Tamarind,1cup,120g,,https://fdc.nal.usda.gov/fdc-app.html#/food-details/167763/measures,,,,,,,,,
"Blueberries, raw",1cup,148g,,https://fdc.nal.usda.gov/fdc-app.html#/food-details/171711/measures,,,,,,,,,
Mango,1cup,165g,,https://fdc.nal.usda.gov/fdc-app.html#/food-details/169910/measures,,,,,,,,,
Kiwi,1cup,180g,,https://fdc.nal.usda.gov/fdc-app.html#/food-details/168153/measures,,,,,,,,,
"Pomegranates, raw",0.5cup,87g,,https://fdc.nal.usda.gov/fdc-app.html#/food-details/169134/measures,,,,,,,,,
"Peach, raw",1cup,155g,,https://fdc.nal.usda.gov/fdc-app.html#/food-details/1102677/portions,,,,,,,,,
"Pears, raw",1cup,161g,,https://fdc.nal.usda.gov/fdc-app.html#/food-details/169118/measures,,,,,,,,,
"Starfruit, raw",1cup,100g,,https://fdc.nal.usda.gov/fdc-app.html#/food-details/2344723/portions,,,,,,,,,
"Spinach, raw",1cup,30g,,https://fdc.nal.usda.gov/fdc-app.html#/food-details/168462/measures,,,,,,,,,
"Cucumber, raw",1cup,120g,,https://fdc.nal.usda.gov/fdc-app.html#/food-details/1103352/portions,,,,,,,,,
"Gourd, white-flowered (calabash), raw",0.5cup,58g,using for bottle gourd,https://fdc.nal.usda.gov/fdc-app.html#/food-details/169232/measures,,,,,,,,,
"Watercress, raw",1cup,34g,,https://fdc.nal.usda.gov/fdc-app.html#/food-details/170068/measures,,,,,,,,,
"Onions, spring or scallions (raw)",1cup,100g,,https://fdc.nal.usda.gov/fdc-app.html#/food-details/170005/measures,,,,,,,,,
"Celery, raw",1cup,101g,,https://fdc.nal.usda.gov/fdc-app.html#/food-details/169988/measures,,,,,,,,,
"Garlic, raw",1cup,136g,,https://fdc.nal.usda.gov/fdc-app.html#/food-details/169230/measures,,,,,,,,,
"Coriander (cilantro) leaves, raw",0.25cup,4g,,https://fdc.nal.usda.gov/fdc-app.html#/food-details/169997/measures,,,,,,,,,
Fenugreek leaves,0.25cup,4g,same as coriander leaves,,,,,,,,,,
Mint leaves,0.25cup,4g,same as coriander leaves,,,,,,,,,,
"Peppermint, fresh",2tbsp,3.2g,,https://fdc.nal.usda.gov/fdc-app.html#/food-details/173474/measures,,,,,,,,,
"Onions, raw (chopped)",1cup,160g,,https://fdc.nal.usda.gov/fdc-app.html#/food-details/170000/measures,,,,,,,,,
"Peppers, sweet, green, raw",1cup,149g,,https://fdc.nal.usda.gov/fdc-app.html#/food-details/170427/measures,,,,,,,,,
Jalapeno,1cup,90g,,https://fdc.nal.usda.gov/fdc-app.html#/food-details/168576/measures,,,,,,,,,
"Kale, raw",1cup,20.6g,,https://fdc.nal.usda.gov/fdc-app.html#/food-details/323505/measures,,,,,,,,,
"Cabbage, raw (Chopped)",1cup,89g,,https://fdc.nal.usda.gov/fdc-app.html#/food-details/169975/measures,,,,,,,,,
"Cabbage, raw (Shredded)",1cup,70g,,https://fdc.nal.usda.gov/fdc-app.html#/food-details/169975/measures,,,,,,,,,
"Lettuce, raw (Shredded)",1cup,36g,,https://fdc.nal.usda.gov/fdc-app.html#/food-details/169249/measures,,,,,,,,,
"Green beans, raw",1cup,100g,,https://fdc.nal.usda.gov/fdc-app.html#/food-details/1103337/portions,,,,,,,,,
"Peas, green, raw",1cup,145g,,https://fdc.nal.usda.gov/fdc-app.html#/food-details/170419/measures,,,,,,,,,
"Peas, green, frozen, unprepared",1cup,134g,,https://fdc.nal.usda.gov/fdc-app.html#/food-details/170016/measures,,,,,,,,,
Carrot,1cup,128g,,https://fdc.nal.usda.gov/fdc-app.html#/food-details/170393/measures,,,,,,,,,
Radish,1cup,116g,,https://fdc.nal.usda.gov/fdc-app.html#/food-details/169276/measures,,,,,,,,,
"Tomatoes, raw/ripe",1cup,180g,same weight for raw and ripe,https://fdc.nal.usda.gov/fdc-app.html#/food-details/1103276/portions,,,,,,,,,
"Shallots, raw",1cup,160g,,https://www.aqua-calc.com/calculate/food-volume-to-weight/substance/shallots-coma-and-blank-raw-blank--op-chopped-cp-,,,,,,,,,
Ginger,1cup,96g,,https://www.aqua-calc.com/calculate/food-volume-to-weight/substance/ginger-blank-root-coma-and-blank-raw,,,,,,,,,
Cumin seeds,1cup,96g,,https://www.aqua-calc.com/calculate/food-volume-to-weight/substance/spices-coma-and-blank-cumin-blank-seed-blank--op-whole-cp-,,,,,,,,,
Coriander seeds,1cup,80g,,https://www.aqua-calc.com/calculate/food-volume-to-weight/substance/spices-coma-and-blank-coriander-blank-seed,,,,,,,,,
"Sweet potato, raw",1cup,133g,,https://fdc.nal.usda.gov/fdc-app.html#/food-details/168482/measures,,,,,,,,,
"Kidney beans, raw",1cup,184g,,https://fdc.nal.usda.gov/fdc-app.html#/food-details/173744/measures,,,,,,,,,
"Peas, raw",1cup,145g,,https://fdc.nal.usda.gov/fdc-app.html#/food-details/170419/measures,,,,,,,,,
"Chickpeas, raw",1cup,200g,,https://fdc.nal.usda.gov/fdc-app.html#/food-details/173756/measures,,,,,,,,,
"Bengal gram, raw",1 cup,200g,"used same as chickpeas (Chickpeas (garbanzo beans, bengal gram), mature seeds, raw)",https://fdc.nal.usda.gov/fdc-app.html#/food-details/173756/measures,,,,,,,,,
"Urad dal, raw",1cup,175g,,ASC manual,,,,,,,,,
Green gram,1cup,175g,,ASC manual,,,,,,,,,
Lentil (Masoor dal),1cup,175g,,ASC manual,,,,,,,,,
Red gram dal (Arhar dal),1cup,175g,,ASC manual,,,,,,,,,
Rice,1cup,160g,,BFP manual,,,,,,,,,
"Rice, puffed",1cup,30g,,ASC manual,,,,,,,,,
"Rice, flakes",1cup,55g,,ASC manual,,,,,,,,,
Buckwheat,1cup,170g,,https://fdc.nal.usda.gov/fdc-app.html#/food-details/170286/measures,,,,,,,,,
Rice flour,1cup,120g,,same as flour,,,,,,,,,
Flour,1cup,120g,,BFP manual,,,,,,,,,
Wheat flour,1cup,130g,,BFP manual,,,,,,,,,
Semolina,1cup,167g,,https://fdc.nal.usda.gov/fdc-app.html#/food-details/168933/measures,,,,,,,,,
Vermicelli,1cup,176g,used weight for cooked rice noodles,https://fdc.nal.usda.gov/fdc-app.html#/food-details/168914/measures,,,,,,,,,
Chickpea flour (besan),1cup,92g,,https://fdc.nal.usda.gov/fdc-app.html#/food-details/174288/measures,,,,,,,,,
"Corn flour, whole-grain, yellow",1cup,117g,,https://fdc.nal.usda.gov/fdc-app.html#/food-details/170290/measures,,,,,,,,,
"Corn, sweet, yellow, raw",1cup,145g,,https://fdc.nal.usda.gov/fdc-app.html#/food-details/169998/measures,,,,,,,,,
"Oatmeal (Regular, quick or instant, plain, nonfortified)",1cup,234g,,USDA (Nutritive Value of Foods),,,,,,,,,
"Amaranth grain, uncooked",1cup,193g,,https://fdc.nal.usda.gov/fdc-app.html#/food-details/170682/measures,,,,,,,,,
"Quinoa, uncooked",1cup,170g,,https://fdc.nal.usda.gov/fdc-app.html#/food-details/168874/measures,,,,,,,,,
"Millet, raw",1cup,200g,,https://fdc.nal.usda.gov/fdc-app.html#/food-details/169702/measures,,,,,,,,,
"Couscous, plain, cooked",1cup,160g,,https://fdc.nal.usda.gov/fdc-app.html#/food-details/1101679/portions,,,,,,,,,
"Bread, white",1cup,40g,,https://fdc.nal.usda.gov/fdc-app.html#/food-details/1100621/portions,,,,,,,,,
"Tapioca, pearl, dry",1cup,152g,,https://fdc.nal.usda.gov/fdc-app.html#/food-details/169717/measures,,,,,,,,,
Coconut milk,1cup,244g,,https://fdc.nal.usda.gov/fdc-app.html#/food-details/1097553/portions,,,,,,,,,
"Coconut meat, raw",1cup,80g,,https://fdc.nal.usda.gov/fdc-app.html#/food-details/170169/measures,,,,,,,,,
"Seeds, pumpkin",1cup,129g,,https://fdc.nal.usda.gov/fdc-app.html#/food-details/170556/measures,,,,,,,,,
Sunflower seed,1cup,140g,,https://fdc.nal.usda.gov/fdc-app.html#/food-details/170562/measures,,,,,,,,,
"Hazelnut, whole",1cup,135g,,https://fdc.nal.usda.gov/fdc-app.html#/food-details/170581/measures,,,,,,,,,
"Hazelnut, chopped",1cup,115g,,https://fdc.nal.usda.gov/fdc-app.html#/food-details/170581/measures,,,,,,,,,
Cashewnut,1cup,137g,,USDA (https://courses.washington.edu/bonephys/calist.pdf),,,,,,,,,
Almond,1cup,143g,,https://fdc.nal.usda.gov/fdc-app.html#/food-details/170567/measures,,,,,,,,,
"Nuts, pistachio nuts, raw",1cup,123g,,https://fdc.nal.usda.gov/fdc-app.html#/food-details/170184/measures,,,,,,,,,
"Peanuts, all types, raw",1cup,146g,,https://fdc.nal.usda.gov/fdc-app.html#/food-details/172430/measures,,,,,,,,,
Mixed nuts,1cup,144g,,USDA (https://courses.washington.edu/bonephys/calist.pdf),,,,,,,,,
Dates,1cup,147g,,USDA (https://courses.washington.edu/bonephys/calist.pdf),,,,,,,,,
"Vinegar, distilled",1cup,238g,,https://fdc.nal.usda.gov/fdc-app.html#/food-details/172237/measures,,,,,,,,,
"Vinegar, balsamic",1cup,255g,,https://fdc.nal.usda.gov/fdc-app.html#/food-details/172241/measures,,,,,,,,,
Tomato sauce,1cup,245g,,https://fdc.nal.usda.gov/fdc-app.html#/food-details/169074/measures,,,,,,,,,
"Pickles, cucumber, sour",1cup,155g,,https://fdc.nal.usda.gov/fdc-app.html#/food-details/169379/measures,,,,,,,,,
,1slice,7g,,https://fdc.nal.usda.gov/fdc-app.html#/food-details/169379/measures,,,,,,,,,
"Cream, fluid, light",1cup,240g,,https://fdc.nal.usda.gov/fdc-app.html#/food-details/170857/measures,,,,,,,,,
"TUTTI FRUTTI GUMBALLS, TUTTI FRUTTI",1cup,240g,,https://www.aqua-calc.com/calculate/food-volume-to-weight/substance/babyfood-coma-and-blank-fruit-coma-and-blank-tutti-blank-frutti-coma-and-blank-junior,,,,,,,,,
